{
  "MujocoEnvironment-Hopper-fs1-stack": {
    "mean": 0.0997837483882904,
    "std": 0.49728745222091675
  }
}